,timestamp,CPU (%),CPU system (%),memory (GB),threads,ops_sda,util_sda (%),available (MB),writeback (MB),cpu_intr,io (MB/s),load,pgpgio,processes,ram (GB),network_bandwidth,packet_loss_rate,disk_free_space,swap_usage,disk_read_speed,disk_write_speed,network_latency,network_errors,process_cpu_usage,process_memory_usage,firewall_packets_dropped,firewall_connections_blocked,active_users,root_partition_usage,user_partition_usage,system_uptime,docker_container_count,CPU_steal_time,CPU_guest_time,CPU_nice_time,TCP Connection Count,UDP Packet Count,Incoming HTTP Requests per Second,Outgoing HTTP Requests per Second,Incoming HTTPS Requests per Second,Outgoing HTTPS Requests per Second,Database Read Operations per Second,Database Write Operations per Second,Database Latency (ms),Network ICMP Echo Latency,Network ICMP Echo Loss Rate,Network TCP Retransmission Rate,Network UDP Loss Rate,Network TCP Connection Reset Rate,Network UDP Datagram Size,Network Port Utilization,Disk Write Operations per Second,Network Interface Throughput,CPU Utilization by Core,CPU Load Average,Disk I/O Utilization by Process,Memory Usage by Process,Network Interface Broadcast Packets,Network Interface Multicast Packets,TCP Connection Count by State,is_attack
timestamp,1.0,0.0017995554186822605,-0.002403900945412009,-0.0007567172107575377,-0.003915221933855385,0.0018074426838498277,-0.00019419522223715655,-0.00012995319787544133,-0.0024764068948142466,-0.0015680754035031898,-0.0009274690955563551,-0.0025058058656426295,-0.001964890595590478,-0.0017858113600470677,-0.002759129589379194,0.0016917294124548547,0.004673315988029221,0.0007367622768107946,0.0010310032849578067,-0.0007565473849986237,-0.004082529868577013,-0.0022136912764746963,-0.003970674995873768,-0.00013376687578527322,0.0021141307445041073,0.0006697308084616888,-0.0001614700428763193,0.00463480209325901,-0.0019089980713139136,-0.0026664806396642132,0.0064883716302586965,0.001265212468175941,-0.001093331372584505,0.0024155057289956604,0.002543902310431935,-0.0008771168899571984,0.0047692370534794075,-0.00446655544101152,-0.0008481568514794598,-0.001675114265834131,0.004900978634936045,-0.0031642734259736426,-0.00503909477435372,-0.003637640990202893,-0.0024381404524590443,0.0015407690446466444,0.0009920827560482622,-0.0012179140021414475,-0.0010183809110781063,-0.006039431396333487,4.007364228652556e-06,0.0017912776433335871,0.0012201006702108094,-0.0004717967324952645,0.0010587433873568653,0.003093921667884408,0.0008191957741339248,0.0033059382982447132,-0.000881588713279412,-0.0038981226407529073,-0.0017592379306957462
CPU (%),0.0017995554186822605,1.0,0.31227339744267846,0.177907420640001,0.18366530281584606,0.13462425262710234,0.14323323223872741,-0.005370801873638858,0.2442376731835655,0.1850600515287099,0.3789185121693748,0.4200944679423154,0.38598780104535224,0.31844329844679375,0.3740949825405369,0.23034214413663703,0.11164410798088992,0.05237353711834481,0.04573957878703349,0.12092786924130985,0.12213814644207668,0.14246986161978953,0.28417759680367916,0.20245603351362298,0.22163661253949574,0.05330854202519265,0.055648276877980206,0.04081754034520214,0.10412828635052351,0.10055008957582288,0.0485546504270451,0.0397942511964185,0.04578223821770646,0.043179220661483095,0.039732016553004276,0.15094823938359994,0.14861321579193892,0.176590202196055,0.17566787193183098,0.1357918399580415,0.16661424679789463,0.22469064999027694,0.21872662918310604,0.154983092744947,0.1434842677422169,0.11473539543706421,0.03854935260150541,0.0634578097519041,0.07939522572193572,0.11190866067041796,0.15113765494708317,0.1165985010557522,0.08123255936583922,0.11281209133768345,0.09206040714667332,0.10256428036760518,0.16310760048702083,0.06450826442665276,0.042732878056209504,0.0343516707625777,0.5642134544487238
CPU system (%),-0.002403900945412009,0.31227339744267846,1.0,0.17593845295684504,0.1809006628482494,0.13786990335995655,0.13740176412803856,-0.0041142330250946305,0.23830606831255863,0.1825768488623863,0.37143910435547867,0.41319569753338736,0.3787561616651247,0.3099124722054377,0.3623264993456315,0.22587257094765725,0.11391353478943568,0.05082054910040417,0.044382467922441375,0.11495703523395652,0.11860570782345907,0.1440746229971886,0.27973138173937545,0.19581916496698207,0.21448295952951474,0.04819501894510091,0.05247252334332393,0.04034262172863207,0.10095733863341504,0.1022602904257245,0.048163907558931775,0.03693399750826446,0.046508099670753276,0.04080033945176958,0.0379154627598179,0.14317764401588218,0.14174616712201146,0.17758089436601318,0.17377134129229532,0.13207524299438,0.1549228462455001,0.21753625676543586,0.21505730478209473,0.1457161256066361,0.14272100195011836,0.10934965253318832,0.03805640235503116,0.06022757600892478,0.08093973912990725,0.10733682536638131,0.14941388075787232,0.12030811096982699,0.08778692788473129,0.10818657053688645,0.08752621886790417,0.09653967996534649,0.1528707594665912,0.06560997941484324,0.050145541597594795,0.037139514802937354,0.5498733045795368
memory (GB),-0.0007567172107575377,0.177907420640001,0.17593845295684504,1.0,0.10572687244146745,0.0791959869760629,0.07530927508389515,0.0013383792778693304,0.13680524764034044,0.10567711632037245,0.2158440547163225,0.23824806464690837,0.22256845243457268,0.18441950310347238,0.20967372367113946,0.12773386236196524,0.0681028769041185,0.031442689641905476,0.02865402759985263,0.06487783009357699,0.07248383418574174,0.08527949301446892,0.16282215794858543,0.11228832876773405,0.12504482107883863,0.02173186942670862,0.029106080827680812,0.024515422643715454,0.06005986596803311,0.05433264815701603,0.02648816028373843,0.016951745277246463,0.0288396028835595,0.020616468679408948,0.019100089556691267,0.0852249022789379,0.080893037422417,0.10410512505398507,0.10209836847534998,0.07742480314123126,0.0913984299628397,0.12732003122560445,0.13024719392773948,0.08730328418009052,0.0818252035808871,0.06338053566878629,0.030403607630938637,0.030799202338170902,0.043654825523167635,0.06492589850376759,0.08863835093448107,0.06915766055008064,0.04838917746988863,0.06610448398766978,0.05267909881437443,0.0545074570018699,0.08968027106341472,0.04132722897990965,0.026687131559433627,0.020692275220630055,0.31756690604517074
threads,-0.003915221933855385,0.18366530281584606,0.1809006628482494,0.10572687244146745,1.0,0.08066231898470543,0.08111059856091876,-0.0028156614843407196,0.14562072656710134,0.10503193555957473,0.2224096066486733,0.24671062855826367,0.22627650531862545,0.18374853817201178,0.21796021993800277,0.1372047624690606,0.07088068733822805,0.02746534432093875,0.02503039658413244,0.07381252527731567,0.07457217804836874,0.08368863591683066,0.16654825871707404,0.11702167551404327,0.13168842705141884,0.02321946558855763,0.02725565433464058,0.020082391396813604,0.06071347600900564,0.05532714557886922,0.025779214129209273,0.023465720905431402,0.02845451756654955,0.030354789955725988,0.016647520135125563,0.09060278503417593,0.08661974360025719,0.10863596322175002,0.10780414608139817,0.08107097002713394,0.10031351188840235,0.13560682452513123,0.12791827142709167,0.0901096295879243,0.0858966716178915,0.06599546543209135,0.02745018684781553,0.034773457701118164,0.04523524600254692,0.06135458644618484,0.0926668385088229,0.07247268808758782,0.04932765244170549,0.06914615481651071,0.04893918964505949,0.05678093167511485,0.08940722185489403,0.04232413114581605,0.026012737727897303,0.02282430830586261,0.32794253823194514
ops_sda,0.0018074426838498277,0.13462425262710234,0.13786990335995655,0.0791959869760629,0.08066231898470543,1.0,0.06474014459300709,0.0033083987895326933,0.1130652519647928,0.08201306466734819,0.16543217250889444,0.18606498657392528,0.17080570203199857,0.1371646441174517,0.1614468899829492,0.10009826181091229,0.052131396031214146,0.017250190185032016,0.02133296894596249,0.061615836269067595,0.05185169360283896,0.061995179215954876,0.13014080144168555,0.08976291136402434,0.09455020925897749,0.020712406453746307,0.022487257947858195,0.019584952065293194,0.04525162560113994,0.04509278309142175,0.02346236565789816,0.015262881473528143,0.02149364730446863,0.016264752264231287,0.01618443084454178,0.06313524837765139,0.05974170227056572,0.08485089882992149,0.08112449858852855,0.061631177927837746,0.07559803552715195,0.10174802395247674,0.09703697843910307,0.07306016215129024,0.060442595143242954,0.04551018898276769,0.020956906625501245,0.0255928787329504,0.04241420451916506,0.048889855042324334,0.06835015759352951,0.054237129758528596,0.0381390601121385,0.04773721537729275,0.037887899891393455,0.04524227648267528,0.06927502219546988,0.03090840589244714,0.01795967999214241,0.01854585874998221,0.24881426952765387
util_sda (%),-0.00019419522223715655,0.14323323223872741,0.13740176412803856,0.07530927508389515,0.08111059856091876,0.06474014459300709,1.0,-0.0028351444954869483,0.11255468415450089,0.08759032683287604,0.17173616020150873,0.18860727238334885,0.1708614628179792,0.14358782588201796,0.16479538973281663,0.10319485126547875,0.0487834979173336,0.028942791217098102,0.021714709917767618,0.05306895420932405,0.059310228959914175,0.061529923259854694,0.1296918650805935,0.08626594361890466,0.0947048014019276,0.02434409789367877,0.016684435569287684,0.020114828007859464,0.04849479893656736,0.045448914513068754,0.02086999957763452,0.015910159768952617,0.01869577983122643,0.020112144099188628,0.009509617635615067,0.06471910220596092,0.06767840579147327,0.08271356620261659,0.08306113792764046,0.05929960852097304,0.07118871487217941,0.10033510191882493,0.09639198883745465,0.06695010548026126,0.06420653311172837,0.04882923682476413,0.017299289321875702,0.03221170614790043,0.034385237635852085,0.04872358253212927,0.06965576888231487,0.05499712559165573,0.042222883193232454,0.0466953959740886,0.03699422867513226,0.04360600114744304,0.07021878219819995,0.028836710831770893,0.02165723915446419,0.02457641578311642,0.25032398144716067
available (MB),-0.00012995319787544133,-0.005370801873638858,-0.0041142330250946305,0.0013383792778693304,-0.0028156614843407196,0.0033083987895326933,-0.0028351444954869483,1.0,-0.002992748808205232,-0.0031719842900954642,-0.004527231882287532,-0.0027970857648478465,0.0011582814119576034,-0.0020285279076748338,0.00043308422038662017,-0.0009934893681108976,-0.0007344210662336805,-0.0020164496652074477,-0.003341191062311475,-0.005973326851449449,0.0010812112275441928,0.004117271728415869,2.370096953875723e-05,-0.0005845408395766336,-0.005839642811154851,-0.003136804601778455,0.005804635298242421,0.00010758910884789828,-0.0016270739952676412,0.0016705517763449815,-0.0021870767819516016,-0.00685583366736526,-0.002769690941420945,-0.004327739321920122,0.005639654610973638,-0.002892053087357001,-0.007056019476118325,0.0028777315040456287,0.00016685186811179017,0.0037212308016259326,0.0035564247321555023,0.0009153068186158079,0.0018431117508995588,-0.0008221148309397461,0.0022000459281024355,0.0022553648727172003,0.0008393631198919516,-0.002568716524511407,0.0006374967296866798,0.010211560809519848,-0.003073636359820446,-0.0043974252686630804,0.0010023365527628647,-0.0003107290022243791,-0.003373149155701276,-0.0036977180285246505,0.0005202657484061401,0.005718267081321617,0.007137524281178985,0.00520582864821085,-0.002292579764812704
writeback (MB),-0.0024764068948142466,0.2442376731835655,0.23830606831255863,0.13680524764034044,0.14562072656710134,0.1130652519647928,0.11255468415450089,-0.002992748808205232,1.0,0.140219417404171,0.2908990201097946,0.3302484940623662,0.2987144555683441,0.245858003592022,0.2895368157173178,0.1819381621344206,0.0900920706252905,0.03976315840670628,0.03495502736293256,0.09262665302762779,0.09483485428587356,0.11223709049959218,0.22094624614296937,0.1562481540963042,0.16758134148642848,0.03245634952983226,0.04140944163509899,0.02715465757677135,0.081431871138686,0.07628677675983123,0.03664515663014753,0.026774942725793,0.03525823235168427,0.030775918510435867,0.025911908466596675,0.12240338110219755,0.11520968258998963,0.14498361986858727,0.14271438911130255,0.10520611488543546,0.1275343165867452,0.17202529629711755,0.16842400401144078,0.1185287841830843,0.11768367739012654,0.08609288424582522,0.03278962546066493,0.048571754115501554,0.06411604480741867,0.08718669821967472,0.1186695732960693,0.09618543559534734,0.06419896094794042,0.08672916764644455,0.07063416878878134,0.08019623710358337,0.12287631683761785,0.04956373689392634,0.03380603822991591,0.02953927843218661,0.4360592648435337
cpu_intr,-0.0015680754035031898,0.1850600515287099,0.1825768488623863,0.10567711632037245,0.10503193555957473,0.08201306466734819,0.08759032683287604,-0.0031719842900954642,0.140219417404171,1.0,0.2240189025189222,0.2520528840111241,0.23157257542189202,0.1863269484897236,0.2184980857745933,0.13576473570075565,0.06763053965329259,0.02823539176503878,0.029014523112710636,0.06932140072318226,0.07353310456903898,0.08485618199164802,0.16676584115316734,0.11545797245252314,0.13209056289170845,0.029480538153127053,0.03494455709392024,0.023612000652138167,0.0625275694586496,0.06070473949418488,0.024089858912084147,0.021711960045042798,0.03417393433474187,0.027596460772573692,0.020398951850163712,0.09139571467032938,0.08398900360689676,0.10872723282724081,0.10813750068634956,0.0810105094492891,0.0931547068992255,0.1322338480954244,0.13056286513155957,0.09216697840936572,0.08739242862961154,0.06761963170337733,0.02095735017412322,0.03929322163545155,0.0463465526017608,0.06498724379153552,0.0885099762832713,0.0678133609273521,0.04961394416654021,0.06621639434090043,0.05455949835277017,0.05505622525864573,0.0958508800276141,0.04160137181571067,0.03112972768906371,0.026561079485269232,0.33386046592610136
io (MB/s),-0.0009274690955563551,0.3789185121693748,0.37143910435547867,0.2158440547163225,0.2224096066486733,0.16543217250889444,0.17173616020150873,-0.004527231882287532,0.2908990201097946,0.2240189025189222,1.0,0.5055793047894225,0.4635479288301409,0.38398579654651344,0.44263416308779563,0.27242458414889203,0.13797825522116203,0.060135538547779456,0.05467765724266814,0.14708551233867798,0.14987232293182795,0.17464564082626688,0.3405142938834808,0.2395563410181114,0.26169724143421597,0.05471244945207098,0.06332294830144919,0.05123363090442149,0.12552636373926954,0.11905596737658308,0.05649292165038364,0.04774894298074898,0.057621518446852704,0.05000730680689377,0.04874350736985159,0.18685000465893986,0.1748990488406905,0.22062626039357866,0.21478173158927052,0.16708646122394757,0.19858236113460914,0.266376906707988,0.26020890973978056,0.18395705557750566,0.17272717895643744,0.13851610527190208,0.046694810853032606,0.0778939774304592,0.09676953497900963,0.13096686623709858,0.18097620787904206,0.1448155915233344,0.1050452611362201,0.1324767998066826,0.10613441418834761,0.12264601080372213,0.18969380697052252,0.08509412288069661,0.05031436177986524,0.049680642159623846,0.6731032646535619
load,-0.0025058058656426295,0.4200944679423154,0.41319569753338736,0.23824806464690837,0.24671062855826367,0.18606498657392528,0.18860727238334885,-0.0027970857648478465,0.3302484940623662,0.2520528840111241,0.5055793047894225,1.0,0.5151291042906871,0.42530504820371323,0.4924312130215427,0.3047754721710238,0.15291972252725938,0.06286392998259317,0.06990989572480545,0.16076811253444337,0.16734879207713063,0.19298577891310556,0.3776571117224567,0.2707085841732444,0.2949561095584579,0.06386624861154251,0.07351517221943864,0.05574569700216017,0.13597332122098854,0.13464874596714718,0.06251495094648067,0.05196276013857637,0.06277916961942366,0.05631874831573324,0.052984445894636197,0.20375459930643797,0.1971691701051762,0.23986198608357706,0.2407445832680923,0.18169110820023274,0.21851049587504054,0.2941524451091562,0.2921323941003156,0.20365556292111167,0.1917569430184766,0.15043003473770827,0.05115907001003033,0.08882075641001419,0.11027628357469879,0.15045553997681896,0.203910699324459,0.16106991830801712,0.1127475699186768,0.15123219590322,0.11203330057447253,0.13205221289128363,0.21164827517764967,0.08851202807566572,0.05984756271322998,0.05438355796901934,0.7503409372142903
pgpgio,-0.001964890595590478,0.38598780104535224,0.3787561616651247,0.22256845243457268,0.22627650531862545,0.17080570203199857,0.1708614628179792,0.0011582814119576034,0.2987144555683441,0.23157257542189202,0.4635479288301409,0.5151291042906871,1.0,0.39365337463743555,0.45090425827203146,0.2799153167514757,0.13683657707914507,0.06043448702666696,0.05668620553646627,0.1520668397217156,0.15425664566721967,0.18004803161134508,0.3468066702281971,0.24828268214239815,0.26920145875273044,0.057091591831355405,0.06909694520718582,0.050389280018007764,0.12689191958568086,0.12567847714374006,0.05796248871745202,0.045676272544657184,0.05587357348995186,0.05067106800226154,0.04157513245065994,0.18066330521560287,0.17968126313524294,0.2215393526637253,0.22360285117776776,0.16719374374548607,0.20256188518392898,0.2777947994082507,0.266938317445522,0.19030989760540915,0.17078920307819806,0.1458080618150293,0.04633515093509059,0.07792576441974385,0.10286381307173428,0.13797368112289343,0.18719873340960455,0.14654955935516165,0.10422329476369897,0.1374437763786116,0.10888720748848472,0.12112638650267434,0.19335270070899913,0.0814634092637229,0.05552800486901581,0.05162403594975521,0.6889230531111427
processes,-0.0017858113600470677,0.31844329844679375,0.3099124722054377,0.18441950310347238,0.18374853817201178,0.1371646441174517,0.14358782588201796,-0.0020285279076748338,0.245858003592022,0.1863269484897236,0.38398579654651344,0.42530504820371323,0.39365337463743555,1.0,0.37533012195499504,0.2320233763036762,0.11698723167095926,0.05083257229751216,0.04863993105775946,0.12684411886447058,0.12456878097238182,0.15167920438848734,0.2856566647459197,0.20182857423406356,0.2201252161301339,0.047961122074503114,0.05275196412422962,0.04544398185655138,0.10548062070128829,0.1017223547743257,0.05093063276378121,0.03786402889346277,0.04837434769988445,0.0438376485140544,0.03951713196514446,0.15497550451847047,0.14967723381168707,0.18501246289238948,0.17911258998968632,0.1365558691129681,0.16415459858129366,0.2237972081720305,0.22242681417781618,0.15671109658117868,0.14380813614623292,0.11235446618865377,0.03755753242556624,0.06284734987592298,0.086738145068793,0.11994775696708557,0.1589716869729267,0.12828908311608309,0.08742122870469575,0.11541885090993735,0.08879154465950656,0.10031729958078976,0.16289643796790884,0.06996936836188572,0.043963271067912146,0.041743432543406636,0.5674401232071886
ram (GB),-0.002759129589379194,0.3740949825405369,0.3623264993456315,0.20967372367113946,0.21796021993800277,0.1614468899829492,0.16479538973281663,0.00043308422038662017,0.2895368157173178,0.2184980857745933,0.44263416308779563,0.4924312130215427,0.45090425827203146,0.37533012195499504,1.0,0.26950349818453717,0.13374720020542305,0.056086827734717314,0.06114036308158537,0.14317610068665218,0.14504566651145642,0.1698742365094636,0.3321891597286567,0.23023755410869814,0.2578519855855856,0.058846325745918415,0.06068031804739298,0.04822891749994808,0.11913252869410938,0.11665325102406551,0.05052003379817424,0.04331080241404234,0.050154692675332194,0.04819570177582759,0.04222774631666928,0.1694419712283291,0.16634198004209652,0.21367237049247365,0.2089257232977285,0.1587142545886167,0.1905420393266737,0.26640613294127113,0.2570662840685352,0.18065453032332093,0.16678053458433836,0.13657109184036012,0.04633395192605591,0.0764234864445881,0.09580260454981404,0.13277529532354143,0.17517350143919627,0.14451692718199538,0.10135490839279516,0.12899350249004413,0.10637587352274959,0.12103860253185098,0.18552466608343549,0.07476550725907169,0.05291082946598787,0.04584146147662683,0.6567587665081976
network_bandwidth,0.0016917294124548547,0.23034214413663703,0.22587257094765725,0.12773386236196524,0.1372047624690606,0.10009826181091229,0.10319485126547875,-0.0009934893681108976,0.1819381621344206,0.13576473570075565,0.27242458414889203,0.3047754721710238,0.2799153167514757,0.2320233763036762,0.26950349818453717,1.0,0.09677630017455276,0.039829317563475714,0.03028006922172335,0.05032931790992503,0.04297915764371288,0.04544423454266972,0.4102168764040227,0.2810457963884641,0.30353745835261786,0.025919871648027504,0.03374310569191094,0.024784273458716668,0.03495243634354626,0.0334045763535784,0.035135402797467435,0.023997203032086176,0.03259689171797414,0.028660342413054783,0.02120613880905707,0.16097140077228653,0.15773312695583708,0.08561266939106918,0.08653505998888204,0.029291628463961092,0.07052684856288573,0.20530014559802207,0.2141741858507606,0.08641964783574567,0.2116857836017394,0.09050078486602704,0.03491063558211049,0.049867679987978225,0.05051404013118342,0.037314220765892844,0.25975306381229435,0.08409407864900563,0.09447551424044144,0.15442154984382095,0.029581757523420266,0.03467930011929125,0.24321814186094048,0.037784843557483204,0.033770928984711304,0.029810598905962337,0.40851968075233486
packet_loss_rate,0.004673315988029221,0.11164410798088992,0.11391353478943568,0.0681028769041185,0.07088068733822805,0.052131396031214146,0.0487834979173336,-0.0007344210662336805,0.0900920706252905,0.06763053965329259,0.13797825522116203,0.15291972252725938,0.13683657707914507,0.11698723167095926,0.13374720020542305,0.09677630017455276,1.0,0.018946006327795032,0.015195872016548406,0.04508902658655226,0.04189702865145263,0.021695268613452164,0.03645808011548869,0.023189296429956277,0.024164904570646607,0.014999352534761383,0.008471026548152601,0.016697477451012566,0.019034464962194787,0.0251037332315192,0.02163362494099107,0.010664699520505574,0.015783463540022892,0.013779010099648367,0.01099586483609459,0.022144405304313514,0.025953596830934227,0.12141231415284193,0.12154210927380946,0.022913055191222515,0.08916612182861024,0.09058167373818551,0.07825109300247624,0.09026339279627088,0.0812151499130461,0.11594058436911832,0.011917917172395832,0.021725474554053357,0.031917444500525104,0.043021531204628115,0.029225476776265042,0.10042220780732296,0.10072418745204557,0.02731907437780204,0.018827167653327263,0.013375378394700536,0.023202838144216455,0.01989654153967523,0.021572409169086013,0.011190063607565819,0.20383712771798362
disk_free_space,0.0007367622768107946,0.05237353711834481,0.05082054910040417,0.031442689641905476,0.02746534432093875,0.017250190185032016,0.028942791217098102,-0.0020164496652074477,0.03976315840670628,0.02823539176503878,0.060135538547779456,0.06286392998259317,0.06043448702666696,0.05083257229751216,0.056086827734717314,0.039829317563475714,0.018946006327795032,1.0,0.008282585733526155,0.022736472695381323,0.026436097242984992,0.017204739263332963,0.04741881058484687,0.02769784664693505,0.0398462527291844,0.011008694253306452,0.007194033376190339,0.011269990187427774,0.023032400920872685,0.014990927143035305,0.006910984136156523,0.008509417319440061,0.009414045274704687,0.01070753913010976,0.006545580883954222,0.022537805629780618,0.026773988849535246,0.02879921801155842,0.031001178027079065,0.024791067845646296,0.03447354457381444,0.03640275032186486,0.028000845526512656,0.01920129377058826,0.023533938273152224,0.015371592726325064,0.0033275505287351974,0.009774823479816909,0.018354293146330553,0.019649511409289444,0.02228387025288056,0.020079375199160494,0.01958580357668633,0.023939962135220223,0.011908322493097805,0.010112194192577643,0.02497163438603273,0.012078630530363666,0.0069965202975215,0.007632891916423994,0.08828985710192963
swap_usage,0.0010310032849578067,0.04573957878703349,0.044382467922441375,0.02865402759985263,0.02503039658413244,0.02133296894596249,0.021714709917767618,-0.003341191062311475,0.03495502736293256,0.029014523112710636,0.05467765724266814,0.06990989572480545,0.05668620553646627,0.04863993105775946,0.06114036308158537,0.03028006922172335,0.015195872016548406,0.008282585733526155,1.0,0.022660829638511976,0.021844438897488855,0.022707151158723973,0.04434352649727239,0.027703605083784232,0.02945222256015116,0.005461470185576632,0.004570021914852262,0.001840026100672528,0.01575413249712432,0.017544233683527123,0.009237451044370421,0.005339784674027819,0.004770447534794663,0.009476714505596952,0.007388165963528547,0.02376758743402311,0.022292570917548243,0.037066697203943726,0.0247681931550357,0.027929738754004584,0.029425873967800276,0.030582470020515527,0.0319903833899236,0.02979769842830053,0.02448043993488676,0.017043806708705225,0.003685735849083996,0.0121415442607246,0.010244591429640104,0.02213892044133897,0.025249856034970087,0.014493633710815735,0.017957169255242475,0.017421885889913127,0.010036789508243717,0.018412564114597064,0.015662654163228994,0.010353456661922661,0.005802186461891376,0.0052237896667613045,0.08446884465350506
disk_read_speed,-0.0007565473849986237,0.12092786924130985,0.11495703523395652,0.06487783009357699,0.07381252527731567,0.061615836269067595,0.05306895420932405,-0.005973326851449449,0.09262665302762779,0.06932140072318226,0.14708551233867798,0.16076811253444337,0.1520668397217156,0.12684411886447058,0.14317610068665218,0.05032931790992503,0.04508902658655226,0.022736472695381323,0.022660829638511976,1.0,0.14100329710885753,0.023341332731577975,0.034202213920800986,0.03146457055801066,0.029632762131865963,0.015060120049779429,0.013269426046429953,0.011359395664877892,0.019496142959896923,0.021308516334353062,0.01589045110434951,0.013933009575998264,0.02091307843788819,0.01904635507100334,0.014541337326971488,0.11046236090494124,0.1121200213253168,0.15329484930407208,0.1455700069765136,0.11657835439581454,0.12126593768546584,0.033227069719508034,0.026302826774131316,0.026415414525261128,0.029169420477035846,0.04374154380984527,0.01723708192426815,0.016692572440167423,0.03643912626123724,0.04742028153567123,0.02874211188946587,0.09456055992036605,0.02348563483565909,0.018145898745307615,0.025558751639237768,0.018341579588786083,0.025144612235704206,0.023287938973965222,0.015547106517882527,0.014812470074111716,0.21614947553663935
disk_write_speed,-0.004082529868577013,0.12213814644207668,0.11860570782345907,0.07248383418574174,0.07457217804836874,0.05185169360283896,0.059310228959914175,0.0010812112275441928,0.09483485428587356,0.07353310456903898,0.14987232293182795,0.16734879207713063,0.15425664566721967,0.12456878097238182,0.14504566651145642,0.04297915764371288,0.04189702865145263,0.026436097242984992,0.021844438897488855,0.14100329710885753,1.0,0.023477588883425875,0.03611681411126066,0.033532726088745406,0.02884336699773279,0.009266759931064286,0.015772173874091813,0.009951967910825959,0.021666124512649484,0.020944271099062464,0.014672132671838535,0.017222266733134466,0.019544610626352227,0.014261331694113026,0.01574453258454256,0.1087003117911312,0.1128817070897662,0.15786044888874848,0.1509129236571931,0.1180831181213525,0.12175055962884197,0.033358051113674646,0.03254800875896788,0.02553876563501209,0.023836868038935453,0.03798670568160698,0.023654443624092653,0.020549743090556592,0.04598922429770627,0.04708913348275184,0.023747585833913017,0.09864969905628104,0.018567639955919174,0.02056570498950568,0.01803684176700399,0.022084725401956235,0.02855223656625169,0.013303721115081279,0.01721323476831502,0.01872617151664316,0.22144560994190454
network_latency,-0.0022136912764746963,0.14246986161978953,0.1440746229971886,0.08527949301446892,0.08368863591683066,0.061995179215954876,0.061529923259854694,0.004117271728415869,0.11223709049959218,0.08485618199164802,0.17464564082626688,0.19298577891310556,0.18004803161134508,0.15167920438848734,0.1698742365094636,0.04544423454266972,0.021695268613452164,0.017204739263332963,0.022707151158723973,0.023341332731577975,0.023477588883425875,1.0,0.09670083606549013,0.05363314007794973,0.06271990825998414,0.023560356957037076,0.02335681463577042,0.02279885297095989,0.023684383174587945,0.021911772917525676,0.019129127933696175,0.01416225991906791,0.019551563418229004,0.028478024164912737,0.02048270542362628,0.028693258170238763,0.026992107233399107,0.06190021178500989,0.055215698795490695,0.10302762525395501,0.09403400792293624,0.05429841758879298,0.056196817100687364,0.020734379868984392,0.03278637354848966,0.04187233120427355,0.015931851117944974,0.01677696946418542,0.02506013845220718,0.10406838266998442,0.02467404731924635,0.02784916354974647,0.01518530013702152,0.04455597397734547,0.021103088061273055,0.04553845424683836,0.056297078536393735,0.022509064286439437,0.01945359191749792,0.017456705980095695,0.25657465435488935
network_errors,-0.003970674995873768,0.28417759680367916,0.27973138173937545,0.16282215794858543,0.16654825871707404,0.13014080144168555,0.1296918650805935,2.370096953875723e-05,0.22094624614296937,0.16676584115316734,0.3405142938834808,0.3776571117224567,0.3468066702281971,0.2856566647459197,0.3321891597286567,0.4102168764040227,0.03645808011548869,0.04741881058484687,0.04434352649727239,0.034202213920800986,0.03611681411126066,0.09670083606549013,1.0,0.4104336237366707,0.44632449966861043,0.04550555691253736,0.056091129902312215,0.03603333382012205,0.037902889725546555,0.03892012112860952,0.0412177621852195,0.030060532621333614,0.03786065319496514,0.039488190767865125,0.03232162538840403,0.22235580141839245,0.22252711272202413,0.019390907652305212,0.0242076362493283,0.08198053100451512,0.0745730880989943,0.25949286178401904,0.24093809935909222,0.04404743598638232,0.22989011721654243,0.03311309143953202,0.03261102863849036,0.06343346689323641,0.05911614877107378,0.0938865750495237,0.3856360609837794,0.030042261819164424,0.03483617829600889,0.22926232300073027,0.03662308877939949,0.03793764231005445,0.35666282207782296,0.06375025763919177,0.03917746435191099,0.04219941663607327,0.5046344459988273
process_cpu_usage,-0.00013376687578527322,0.20245603351362298,0.19581916496698207,0.11228832876773405,0.11702167551404327,0.08976291136402434,0.08626594361890466,-0.0005845408395766336,0.1562481540963042,0.11545797245252314,0.2395563410181114,0.2707085841732444,0.24828268214239815,0.20182857423406356,0.23023755410869814,0.2810457963884641,0.023189296429956277,0.02769784664693505,0.027703605083784232,0.03146457055801066,0.033532726088745406,0.05363314007794973,0.4104336237366707,1.0,0.3288120039011642,0.03578125472475672,0.04190774230391951,0.027332411523007884,0.03298604247863778,0.03327713648764708,0.026233523610119824,0.02346482304689111,0.030528145381461775,0.02339799270750482,0.026816989965357668,0.14609103913252078,0.14189637923955167,0.031044876154681846,0.025414064472211124,0.02438273548088345,0.01991316022729129,0.18018947119057038,0.18193460824181124,0.04808252154738763,0.15857842589797608,0.03021938380118461,0.02370164130047099,0.054735910206528,0.05631729150432683,0.02440031184152058,0.25838168964847147,0.02083221086484355,0.024232516953087105,0.1500634763387563,0.03107751846401439,0.03409821117175536,0.21974638299265256,0.05450245168685782,0.02865401181490443,0.024263537495744593,0.3559904090522262
process_memory_usage,0.0021141307445041073,0.22163661253949574,0.21448295952951474,0.12504482107883863,0.13168842705141884,0.09455020925897749,0.0947048014019276,-0.005839642811154851,0.16758134148642848,0.13209056289170845,0.26169724143421597,0.2949561095584579,0.26920145875273044,0.2201252161301339,0.2578519855855856,0.30353745835261786,0.024164904570646607,0.0398462527291844,0.02945222256015116,0.029632762131865963,0.02884336699773279,0.06271990825998414,0.44632449966861043,0.3288120039011642,1.0,0.022095014322414185,0.05023424471316813,0.03191932547341236,0.036432107248923616,0.029393017525076042,0.03464110924347593,0.025027773150635327,0.031161026024304803,0.03262924050296155,0.022901504896565266,0.16366546902805365,0.1566766310305662,0.03132967832931975,0.03541343708310906,0.02692475183693641,0.02637231708632112,0.19937409226212652,0.2095928207342969,0.05475488314014107,0.16701794734502307,0.03829173240903816,0.02976469743068531,0.06216281898973503,0.06325085782280411,0.025026555764937248,0.2672445081592082,0.026330447947760106,0.018034136336463363,0.16523906780829115,0.022525936127383683,0.03729122363598934,0.2269865676428542,0.0639132421795668,0.025108687170887926,0.03352334519624847,0.3908634758401479
firewall_packets_dropped,0.0006697308084616888,0.05330854202519265,0.04819501894510091,0.02173186942670862,0.02321946558855763,0.020712406453746307,0.02434409789367877,-0.003136804601778455,0.03245634952983226,0.029480538153127053,0.05471244945207098,0.06386624861154251,0.057091591831355405,0.047961122074503114,0.058846325745918415,0.025919871648027504,0.014999352534761383,0.011008694253306452,0.005461470185576632,0.015060120049779429,0.009266759931064286,0.023560356957037076,0.04550555691253736,0.03578125472475672,0.022095014322414185,1.0,0.005057376104905265,0.00483728505480564,0.01623436978381068,0.019913935974848643,0.008955620803991505,0.00688012774182577,0.0035541235642630544,0.004858509952789631,0.011574290547558888,0.01941252948016826,0.016463613564234644,0.01954922109323245,0.01912636260424464,0.027566055677145047,0.028898114179648375,0.036604807753286304,0.02462648678406625,0.026242336628058992,0.01373440240130945,0.014675689382922626,0.003902359659426419,0.009011080277735617,0.009394137964401385,0.021936608781655056,0.01489821140520494,0.01344111235703193,0.008644603489903526,0.013119552692166076,0.010867460784600713,0.01569940952853244,0.027997509861896877,0.007122787971157947,0.004925379271110873,0.004112159000325905,0.0842484917021314
firewall_connections_blocked,-0.0001614700428763193,0.055648276877980206,0.05247252334332393,0.029106080827680812,0.02725565433464058,0.022487257947858195,0.016684435569287684,0.005804635298242421,0.04140944163509899,0.03494455709392024,0.06332294830144919,0.07351517221943864,0.06909694520718582,0.05275196412422962,0.06068031804739298,0.03374310569191094,0.008471026548152601,0.007194033376190339,0.004570021914852262,0.013269426046429953,0.015772173874091813,0.02335681463577042,0.056091129902312215,0.04190774230391951,0.05023424471316813,0.005057376104905265,1.0,0.009786844578119252,0.013701569970183337,0.011429654005631834,0.006360325043528208,0.0028934903013875506,0.008895313642286741,0.012266826893890038,0.005862724338711102,0.018485444717818815,0.01696640097301384,0.02037690418860956,0.021020683807987627,0.020806245033178124,0.0230954945442085,0.043316764953140165,0.04203848344354304,0.02354196121213924,0.010000553510993914,0.011115820374479635,0.00635100697273259,0.020961336645911755,0.020545075189870667,0.018604660076386902,0.012223682125004836,0.01036646418652659,0.011907280710409685,0.011081989923353922,0.01718802358133521,0.016324923116247714,0.021587811296344097,0.018087191732231746,0.005491422296630932,0.005022851711979065,0.09514996906965005
active_users,0.00463480209325901,0.04081754034520214,0.04034262172863207,0.024515422643715454,0.020082391396813604,0.019584952065293194,0.020114828007859464,0.00010758910884789828,0.02715465757677135,0.023612000652138167,0.05123363090442149,0.05574569700216017,0.050389280018007764,0.04544398185655138,0.04822891749994808,0.024784273458716668,0.016697477451012566,0.011269990187427774,0.001840026100672528,0.011359395664877892,0.009951967910825959,0.02279885297095989,0.03603333382012205,0.027332411523007884,0.03191932547341236,0.00483728505480564,0.009786844578119252,1.0,0.017596105196491203,0.0071023223378536985,0.011057803616700506,0.004110529534173697,0.008053666937681368,0.00711872094339638,0.006647191590962996,0.02031049497347519,0.0166410564983724,0.01988591319318179,0.023949415319427313,0.020965060069416723,0.022491630968398877,0.029824105124346304,0.026581203050941322,0.014895684254053335,0.017971400526846135,0.02081278815344648,0.005274362962261618,0.007992575646165446,0.011066478157434457,0.010682632748701999,0.0260996973240776,0.02382206349391539,0.012964844851845314,0.016047833944130604,0.016687452116322297,0.013082722602788012,0.019769304764541158,0.003841044682780746,0.005509595737904881,0.007339026368018087,0.07339121444380312
root_partition_usage,-0.0019089980713139136,0.10412828635052351,0.10095733863341504,0.06005986596803311,0.06071347600900564,0.04525162560113994,0.04849479893656736,-0.0016270739952676412,0.081431871138686,0.0625275694586496,0.12552636373926954,0.13597332122098854,0.12689191958568086,0.10548062070128829,0.11913252869410938,0.03495243634354626,0.019034464962194787,0.023032400920872685,0.01575413249712432,0.019496142959896923,0.021666124512649484,0.023684383174587945,0.037902889725546555,0.03298604247863778,0.036432107248923616,0.01623436978381068,0.013701569970183337,0.017596105196491203,1.0,0.1204995381362031,0.011953991956599073,0.01266075761417897,0.017885769417785646,0.00943665648455506,0.017583291593977535,0.019661151224846178,0.0203698298818049,0.027482345514337977,0.031205883597617806,0.025679372263195742,0.029762794512757793,0.11700535783586367,0.11570129121675221,0.13882167592499622,0.02230685262978417,0.015897454681763432,0.004467455719242555,0.022747865961912986,0.01649857627079463,0.02232229834215573,0.023015984240391005,0.022112303822923063,0.016771030330150496,0.014389433925202139,0.10631449675325313,0.11593087457146355,0.023807228282272174,0.016589675834488903,0.021977322967657482,0.013343255956879758,0.18507316960979978
user_partition_usage,-0.0026664806396642132,0.10055008957582288,0.1022602904257245,0.05433264815701603,0.05532714557886922,0.04509278309142175,0.045448914513068754,0.0016705517763449815,0.07628677675983123,0.06070473949418488,0.11905596737658308,0.13464874596714718,0.12567847714374006,0.1017223547743257,0.11665325102406551,0.0334045763535784,0.0251037332315192,0.014990927143035305,0.017544233683527123,0.021308516334353062,0.020944271099062464,0.021911772917525676,0.03892012112860952,0.03327713648764708,0.029393017525076042,0.019913935974848643,0.011429654005631834,0.0071023223378536985,0.1204995381362031,1.0,0.014056131589455944,0.016060408543221282,0.016321857816345948,0.011475165016337024,0.0106144749115525,0.026033908341468785,0.025186760406120147,0.024603467833544664,0.021778069896333813,0.024845597049050438,0.02230379872290035,0.11690502094084831,0.11109490662926956,0.1294980563139077,0.016712919042965606,0.019058284067464563,0.004521239847258873,0.018627722862574674,0.014322692638756036,0.020467113199705348,0.02450958642454269,0.017294321687302813,0.011346621536927675,0.02227061902981088,0.10646254240479641,0.10375818390730955,0.02673057985094422,0.014333066125707904,0.009722769707315925,0.011534659420495289,0.179178719747647
system_uptime,0.0064883716302586965,0.0485546504270451,0.048163907558931775,0.02648816028373843,0.025779214129209273,0.02346236565789816,0.02086999957763452,-0.0021870767819516016,0.03664515663014753,0.024089858912084147,0.05649292165038364,0.06251495094648067,0.05796248871745202,0.05093063276378121,0.05052003379817424,0.035135402797467435,0.02163362494099107,0.006910984136156523,0.009237451044370421,0.01589045110434951,0.014672132671838535,0.019129127933696175,0.0412177621852195,0.026233523610119824,0.03464110924347593,0.008955620803991505,0.006360325043528208,0.011057803616700506,0.011953991956599073,0.014056131589455944,1.0,0.002052986291173207,0.011167790638376912,0.010926680713345233,0.003179784004847841,0.021705269573508917,0.02463214294795963,0.023017973158355378,0.028107333306088906,0.01486546062993829,0.023605771243956547,0.03714237291909152,0.03329439824875214,0.022212711078125964,0.013832518915751298,0.017971932117516503,0.00490262363724294,0.006893889609371874,0.01256630302763788,0.011484278038424915,0.02024981787101865,0.016811751371326438,0.014425958265293849,0.015054495102983904,0.021157510524702706,0.021678821750409673,0.018091651078699582,0.014497018885778062,0.012401166786403942,-0.002377968743165566,0.08292686465962223
docker_container_count,0.001265212468175941,0.0397942511964185,0.03693399750826446,0.016951745277246463,0.023465720905431402,0.015262881473528143,0.015910159768952617,-0.00685583366736526,0.026774942725793,0.021711960045042798,0.04774894298074898,0.05196276013857637,0.045676272544657184,0.03786402889346277,0.04331080241404234,0.023997203032086176,0.010664699520505574,0.008509417319440061,0.005339784674027819,0.013933009575998264,0.017222266733134466,0.01416225991906791,0.030060532621333614,0.02346482304689111,0.025027773150635327,0.00688012774182577,0.0028934903013875506,0.004110529534173697,0.01266075761417897,0.016060408543221282,0.002052986291173207,1.0,0.003685370761590558,0.005315071337374937,0.0030086124439906077,0.01908861321717266,0.01631066745214161,0.023858042871238803,0.025052951586114442,0.014450007562820208,0.01728573324665682,0.02561471994702858,0.0264393459991001,0.017235056431686758,0.02263476246652793,0.021092843316935825,0.015932558896788615,0.008079098826664693,0.004447352125013653,0.01400954409823153,0.018647950741109254,0.014914188336685386,0.01183721572465161,0.012896800336235527,0.016648828152394074,0.011331925373534179,0.017704144249799967,0.008080284088752403,0.0002980014944837833,0.005799489000645824,0.06784396340673073
CPU_steal_time,-0.001093331372584505,0.04578223821770646,0.046508099670753276,0.0288396028835595,0.02845451756654955,0.02149364730446863,0.01869577983122643,-0.002769690941420945,0.03525823235168427,0.03417393433474187,0.057621518446852704,0.06277916961942366,0.05587357348995186,0.04837434769988445,0.050154692675332194,0.03259689171797414,0.015783463540022892,0.009414045274704687,0.004770447534794663,0.02091307843788819,0.019544610626352227,0.019551563418229004,0.03786065319496514,0.030528145381461775,0.031161026024304803,0.0035541235642630544,0.008895313642286741,0.008053666937681368,0.017885769417785646,0.016321857816345948,0.011167790638376912,0.003685370761590558,1.0,0.006309805015067898,0.0071879058046207915,0.022547019875204806,0.018578596961541162,0.02759842136966254,0.032752209241348175,0.021575426815768028,0.03229653023451912,0.028221893057586444,0.03813110514751334,0.019033905656500462,0.026727869479430493,0.01778122609456163,0.005682739876204817,0.009282391218953181,0.011893066284567256,0.015159265430964259,0.025145449496303866,0.01989986777901614,0.012013543544006364,0.018592403911603973,0.009784846764299918,0.01352486811474456,0.022502858538431102,0.006319945137147069,0.006150468436601324,0.006499123197940013,0.08297880397866939
CPU_guest_time,0.0024155057289956604,0.043179220661483095,0.04080033945176958,0.020616468679408948,0.030354789955725988,0.016264752264231287,0.020112144099188628,-0.004327739321920122,0.030775918510435867,0.027596460772573692,0.05000730680689377,0.05631874831573324,0.05067106800226154,0.0438376485140544,0.04819570177582759,0.028660342413054783,0.013779010099648367,0.01070753913010976,0.009476714505596952,0.01904635507100334,0.014261331694113026,0.028478024164912737,0.039488190767865125,0.02339799270750482,0.03262924050296155,0.004858509952789631,0.012266826893890038,0.00711872094339638,0.00943665648455506,0.011475165016337024,0.010926680713345233,0.005315071337374937,0.006309805015067898,1.0,0.0061212224495562845,0.01931994291963707,0.022987970876655286,0.02968951031820712,0.024899363977961726,0.016872824286753064,0.022652993086434803,0.024448828612439872,0.02893486626519956,0.022156242287494653,0.02341312155871039,0.020765643603905783,0.0060119721803984375,0.004549021718479675,0.004828041230149667,0.010827824805580494,0.026222326986625986,0.01708377882875906,0.011464114400435117,0.016811299198304343,0.005284193928064687,0.012779695719814138,0.022737157921969824,0.004077117891708116,0.00398588170939092,0.005184755378150114,0.07486397341727365
CPU_nice_time,0.002543902310431935,0.039732016553004276,0.0379154627598179,0.019100089556691267,0.016647520135125563,0.01618443084454178,0.009509617635615067,0.005639654610973638,0.025911908466596675,0.020398951850163712,0.04874350736985159,0.052984445894636197,0.04157513245065994,0.03951713196514446,0.04222774631666928,0.02120613880905707,0.01099586483609459,0.006545580883954222,0.007388165963528547,0.014541337326971488,0.01574453258454256,0.02048270542362628,0.03232162538840403,0.026816989965357668,0.022901504896565266,0.011574290547558888,0.005862724338711102,0.006647191590962996,0.017583291593977535,0.0106144749115525,0.003179784004847841,0.0030086124439906077,0.0071879058046207915,0.0061212224495562845,1.0,0.013975058181895341,0.011292454571258832,0.023074955031531792,0.02054674945929142,0.018368919561976442,0.024077655192176493,0.024809140486867262,0.023394333828452938,0.01491890325582485,0.016591873065711478,0.00860208775575509,-0.001927059337908095,0.014612448939066616,0.008038760572838415,0.010222417204557426,0.014010461152339273,0.014406769894567139,0.010805894532707468,0.01595001903450582,0.007359736142640993,0.010522745347553758,0.014929458445245194,0.014686931358136973,0.005725989256694728,0.006145163658739675,0.0682707363208027
TCP Connection Count,-0.0008771168899571984,0.15094823938359994,0.14317764401588218,0.0852249022789379,0.09060278503417593,0.06313524837765139,0.06471910220596092,-0.002892053087357001,0.12240338110219755,0.09139571467032938,0.18685000465893986,0.20375459930643797,0.18066330521560287,0.15497550451847047,0.1694419712283291,0.16097140077228653,0.022144405304313514,0.022537805629780618,0.02376758743402311,0.11046236090494124,0.1087003117911312,0.028693258170238763,0.22235580141839245,0.14609103913252078,0.16366546902805365,0.01941252948016826,0.018485444717818815,0.02031049497347519,0.019661151224846178,0.026033908341468785,0.021705269573508917,0.01908861321717266,0.022547019875204806,0.01931994291963707,0.013975058181895341,1.0,0.24981720938246244,0.09455134586746422,0.10852558250765157,0.11294576522207138,0.10393978378869541,0.025798937279453378,0.022306655210132028,0.019873223646221495,0.18953358902441925,0.018800609442879923,0.021331367111783826,0.021083569091477468,0.02004733103152468,0.017455444518321102,0.15448353770356105,0.0856257883438203,0.02123021201766175,0.018250244932840293,0.021318542595488786,0.017331271107284187,0.101036765458748,0.016530161226080274,0.022597884047824833,0.023819078149871133,0.2666899265324005
UDP Packet Count,0.0047692370534794075,0.14861321579193892,0.14174616712201146,0.080893037422417,0.08661974360025719,0.05974170227056572,0.06767840579147327,-0.007056019476118325,0.11520968258998963,0.08398900360689676,0.1748990488406905,0.1971691701051762,0.17968126313524294,0.14967723381168707,0.16634198004209652,0.15773312695583708,0.025953596830934227,0.026773988849535246,0.022292570917548243,0.1121200213253168,0.1128817070897662,0.026992107233399107,0.22252711272202413,0.14189637923955167,0.1566766310305662,0.016463613564234644,0.01696640097301384,0.0166410564983724,0.0203698298818049,0.025186760406120147,0.02463214294795963,0.01631066745214161,0.018578596961541162,0.022987970876655286,0.011292454571258832,0.24981720938246244,1.0,0.10572403416084149,0.09851457595869426,0.11743170266710941,0.11664800616059948,0.02408181818435044,0.019922028207843594,0.018567354042272347,0.16513554281226686,0.02250366182946133,0.024026718105607536,0.02135656321533493,0.02097328080281526,0.021413445239885247,0.14687683499098061,0.0850052882110771,0.02106253574294077,0.024749943381066723,0.01811003959961885,0.017545602184922467,0.1055579744861314,0.02152880398258121,0.021514960617231814,0.02416171750356293,0.26037286141680643
Incoming HTTP Requests per Second,-0.00446655544101152,0.176590202196055,0.17758089436601318,0.10410512505398507,0.10863596322175002,0.08485089882992149,0.08271356620261659,0.0028777315040456287,0.14498361986858727,0.10872723282724081,0.22062626039357866,0.23986198608357706,0.2215393526637253,0.18501246289238948,0.21367237049247365,0.08561266939106918,0.12141231415284193,0.02879921801155842,0.037066697203943726,0.15329484930407208,0.15786044888874848,0.06190021178500989,0.019390907652305212,0.031044876154681846,0.03132967832931975,0.01954922109323245,0.02037690418860956,0.01988591319318179,0.027482345514337977,0.024603467833544664,0.023017973158355378,0.023858042871238803,0.02759842136966254,0.02968951031820712,0.023074955031531792,0.09455134586746422,0.10572403416084149,1.0,0.22531192409059123,0.12075743203683001,0.16641555067552755,0.06510485189489808,0.07010175919684647,0.08311913223203353,0.07364105321082925,0.11996900295618972,0.023002951847659568,0.03010402289392309,0.05253791067645191,0.05950719063091133,0.018447167147254587,0.1584932485111471,0.08718451021263031,0.02867906636329622,0.0205797618362101,0.032138831345182736,0.02115206781147994,0.02916846001023645,0.0256565668884111,0.02140434812911686,0.3243326157654576
Outgoing HTTP Requests per Second,-0.0008481568514794598,0.17566787193183098,0.17377134129229532,0.10209836847534998,0.10780414608139817,0.08112449858852855,0.08306113792764046,0.00016685186811179017,0.14271438911130255,0.10813750068634956,0.21478173158927052,0.2407445832680923,0.22360285117776776,0.17911258998968632,0.2089257232977285,0.08653505998888204,0.12154210927380946,0.031001178027079065,0.0247681931550357,0.1455700069765136,0.1509129236571931,0.055215698795490695,0.0242076362493283,0.025414064472211124,0.03541343708310906,0.01912636260424464,0.021020683807987627,0.023949415319427313,0.031205883597617806,0.021778069896333813,0.028107333306088906,0.025052951586114442,0.032752209241348175,0.024899363977961726,0.02054674945929142,0.10852558250765157,0.09851457595869426,0.22531192409059123,1.0,0.1176677199032777,0.1632313121908212,0.0628594301694805,0.07229964454510289,0.07934726980502586,0.06737661746582503,0.11062942363294849,0.02598805333586018,0.030327850614432324,0.05395951911102848,0.05292090888879462,0.018406401984907367,0.14779414012582412,0.07722069183992174,0.03503018826404716,0.023658233778540205,0.024610810103712945,0.022772970543046816,0.031708961860085615,0.025499235156181806,0.017657006906076196,0.31821565274607916
Incoming HTTPS Requests per Second,-0.001675114265834131,0.1357918399580415,0.13207524299438,0.07742480314123126,0.08107097002713394,0.061631177927837746,0.05929960852097304,0.0037212308016259326,0.10520611488543546,0.0810105094492891,0.16708646122394757,0.18169110820023274,0.16719374374548607,0.1365558691129681,0.1587142545886167,0.029291628463961092,0.022913055191222515,0.024791067845646296,0.027929738754004584,0.11657835439581454,0.1180831181213525,0.10302762525395501,0.08198053100451512,0.02438273548088345,0.02692475183693641,0.027566055677145047,0.020806245033178124,0.020965060069416723,0.025679372263195742,0.024845597049050438,0.01486546062993829,0.014450007562820208,0.021575426815768028,0.016872824286753064,0.018368919561976442,0.11294576522207138,0.11743170266710941,0.12075743203683001,0.1176677199032777,1.0,0.17954978902355181,0.05381918834591552,0.0337861046237829,0.02987544219144751,0.0231181982028729,0.01899709673784635,0.016363578048591336,0.02493705481379561,0.023043381278452846,0.09007693505415013,0.020091084121747295,0.10136251023247397,0.023556693299896566,0.02480760348480765,0.022747884243467926,0.02304988390247924,0.057744013431085456,0.01797114238420891,0.018149194140769036,0.016697864675420657,0.24290533659227642
Outgoing HTTPS Requests per Second,0.004900978634936045,0.16661424679789463,0.1549228462455001,0.0913984299628397,0.10031351188840235,0.07559803552715195,0.07118871487217941,0.0035564247321555023,0.1275343165867452,0.0931547068992255,0.19858236113460914,0.21851049587504054,0.20256188518392898,0.16415459858129366,0.1905420393266737,0.07052684856288573,0.08916612182861024,0.03447354457381444,0.029425873967800276,0.12126593768546584,0.12175055962884197,0.09403400792293624,0.0745730880989943,0.01991316022729129,0.02637231708632112,0.028898114179648375,0.0230954945442085,0.022491630968398877,0.029762794512757793,0.02230379872290035,0.023605771243956547,0.01728573324665682,0.03229653023451912,0.022652993086434803,0.024077655192176493,0.10393978378869541,0.11664800616059948,0.16641555067552755,0.1632313121908212,0.17954978902355181,1.0,0.08923327850701901,0.05847882811688544,0.07790676372387517,0.07017109995302455,0.08353536439856145,0.02350790981124849,0.02230680032853867,0.025191671095223786,0.07847907334277324,0.021949284391274453,0.15049810311254175,0.07787936289028721,0.02755437116847699,0.01878421224437917,0.02024932817088339,0.04786898898224723,0.024869243116805145,0.02152424112507346,0.017831795747442595,0.2903527119762963
Database Read Operations per Second,-0.0031642734259736426,0.22469064999027694,0.21753625676543586,0.12732003122560445,0.13560682452513123,0.10174802395247674,0.10033510191882493,0.0009153068186158079,0.17202529629711755,0.1322338480954244,0.266376906707988,0.2941524451091562,0.2777947994082507,0.2237972081720305,0.26640613294127113,0.20530014559802207,0.09058167373818551,0.03640275032186486,0.030582470020515527,0.033227069719508034,0.033358051113674646,0.05429841758879298,0.25949286178401904,0.18018947119057038,0.19937409226212652,0.036604807753286304,0.043316764953140165,0.029824105124346304,0.11700535783586367,0.11690502094084831,0.03714237291909152,0.02561471994702858,0.028221893057586444,0.024448828612439872,0.024809140486867262,0.025798937279453378,0.02408181818435044,0.06510485189489808,0.0628594301694805,0.05381918834591552,0.08923327850701901,1.0,0.2890219290883137,0.19422510364131085,0.07354824434914989,0.07679818805267201,0.025458450590499695,0.06113740657938481,0.06840278482912913,0.053910483135269575,0.12490812715907766,0.07662128361871584,0.08204768430124634,0.1339041425953071,0.0996470066592103,0.10495710202053644,0.15071934691724334,0.06913699483576276,0.025847168196254225,0.02816574991652225,0.39846719994540886
Database Write Operations per Second,-0.00503909477435372,0.21872662918310604,0.21505730478209473,0.13024719392773948,0.12791827142709167,0.09703697843910307,0.09639198883745465,0.0018431117508995588,0.16842400401144078,0.13056286513155957,0.26020890973978056,0.2921323941003156,0.266938317445522,0.22242681417781618,0.2570662840685352,0.2141741858507606,0.07825109300247624,0.028000845526512656,0.0319903833899236,0.026302826774131316,0.03254800875896788,0.056196817100687364,0.24093809935909222,0.18193460824181124,0.2095928207342969,0.02462648678406625,0.04203848344354304,0.026581203050941322,0.11570129121675221,0.11109490662926956,0.03329439824875214,0.0264393459991001,0.03813110514751334,0.02893486626519956,0.023394333828452938,0.022306655210132028,0.019922028207843594,0.07010175919684647,0.07229964454510289,0.0337861046237829,0.05847882811688544,0.2890219290883137,1.0,0.16963856873062244,0.06668058896387084,0.07202785387641776,0.022661446323432363,0.06451281772205725,0.05626736901654717,0.023924196753181002,0.13364477841028785,0.0698844348594224,0.07736134116040337,0.1523653806653274,0.09795002712821153,0.10377656572909029,0.14591163763688278,0.066399430413357,0.02559585273058887,0.031235646010236384,0.39117296372627075
Database Latency (ms),-0.003637640990202893,0.154983092744947,0.1457161256066361,0.08730328418009052,0.0901096295879243,0.07306016215129024,0.06695010548026126,-0.0008221148309397461,0.1185287841830843,0.09216697840936572,0.18395705557750566,0.20365556292111167,0.19030989760540915,0.15671109658117868,0.18065453032332093,0.08641964783574567,0.09026339279627088,0.01920129377058826,0.02979769842830053,0.026415414525261128,0.02553876563501209,0.020734379868984392,0.04404743598638232,0.04808252154738763,0.05475488314014107,0.026242336628058992,0.02354196121213924,0.014895684254053335,0.13882167592499622,0.1294980563139077,0.022212711078125964,0.017235056431686758,0.019033905656500462,0.022156242287494653,0.01491890325582485,0.019873223646221495,0.018567354042272347,0.08311913223203353,0.07934726980502586,0.02987544219144751,0.07790676372387517,0.19422510364131085,0.16963856873062244,1.0,0.07176401888495024,0.0762708718743828,0.012547499070060149,0.04049835723064519,0.04317129885965791,0.020760591126085123,0.016874871819469825,0.08075894691924101,0.08922001156120045,0.0180251766752447,0.11833013916632558,0.11934117995595118,0.023981981137685602,0.03529288299539325,0.019965327703494698,0.021868588844988445,0.2735577485762831
Network ICMP Echo Latency,-0.0024381404524590443,0.1434842677422169,0.14272100195011836,0.0818252035808871,0.0858966716178915,0.060442595143242954,0.06420653311172837,0.0022000459281024355,0.11768367739012654,0.08739242862961154,0.17272717895643744,0.1917569430184766,0.17078920307819806,0.14380813614623292,0.16678053458433836,0.2116857836017394,0.0812151499130461,0.023533938273152224,0.02448043993488676,0.029169420477035846,0.023836868038935453,0.03278637354848966,0.22989011721654243,0.15857842589797608,0.16701794734502307,0.01373440240130945,0.010000553510993914,0.017971400526846135,0.02230685262978417,0.016712919042965606,0.013832518915751298,0.02263476246652793,0.026727869479430493,0.02341312155871039,0.016591873065711478,0.18953358902441925,0.16513554281226686,0.07364105321082925,0.06737661746582503,0.0231181982028729,0.07017109995302455,0.07354824434914989,0.06668058896387084,0.07176401888495024,1.0,0.08183473552804664,0.020441020503430173,0.018586049637497434,0.01668046227765993,0.019363091755356172,0.1545772295432641,0.0808591742337078,0.08117887751044453,0.019785942925045152,0.02013643320413863,0.011411775865760525,0.10716248073112025,0.01770708529177443,0.02227233999237571,0.024916507739168856,0.2538335551417924
Network ICMP Echo Loss Rate,0.0015407690446466444,0.11473539543706421,0.10934965253318832,0.06338053566878629,0.06599546543209135,0.04551018898276769,0.04882923682476413,0.0022553648727172003,0.08609288424582522,0.06761963170337733,0.13851610527190208,0.15043003473770827,0.1458080618150293,0.11235446618865377,0.13657109184036012,0.09050078486602704,0.11594058436911832,0.015371592726325064,0.017043806708705225,0.04374154380984527,0.03798670568160698,0.04187233120427355,0.03311309143953202,0.03021938380118461,0.03829173240903816,0.014675689382922626,0.011115820374479635,0.02081278815344648,0.015897454681763432,0.019058284067464563,0.017971932117516503,0.021092843316935825,0.01778122609456163,0.020765643603905783,0.00860208775575509,0.018800609442879923,0.02250366182946133,0.11996900295618972,0.11062942363294849,0.01899709673784635,0.08353536439856145,0.07679818805267201,0.07202785387641776,0.0762708718743828,0.08183473552804664,1.0,0.017528973060508143,0.02157052772110929,0.03846912817672943,0.03669866084861682,0.01545607183485464,0.0906595258244833,0.08097490192642492,0.023749767220968554,0.008950946417954053,0.023681774983728063,0.02270394106190883,0.01975553702354447,0.007426913074614734,0.012388627113202178,0.20182009067876627
Network TCP Retransmission Rate,0.0009920827560482622,0.03854935260150541,0.03805640235503116,0.030403607630938637,0.02745018684781553,0.020956906625501245,0.017299289321875702,0.0008393631198919516,0.03278962546066493,0.02095735017412322,0.046694810853032606,0.05115907001003033,0.04633515093509059,0.03755753242556624,0.04633395192605591,0.03491063558211049,0.011917917172395832,0.0033275505287351974,0.003685735849083996,0.01723708192426815,0.023654443624092653,0.015931851117944974,0.03261102863849036,0.02370164130047099,0.02976469743068531,0.003902359659426419,0.00635100697273259,0.005274362962261618,0.004467455719242555,0.004521239847258873,0.00490262363724294,0.015932558896788615,0.005682739876204817,0.0060119721803984375,-0.001927059337908095,0.021331367111783826,0.024026718105607536,0.023002951847659568,0.02598805333586018,0.016363578048591336,0.02350790981124849,0.025458450590499695,0.022661446323432363,0.012547499070060149,0.020441020503430173,0.017528973060508143,1.0,0.012246419097037142,0.015421457594832665,0.011196169203357764,0.022069695928382434,0.012981659932280705,0.00786498493364174,0.011274208633409768,0.005661151414083672,0.00979865812418224,0.020269253358306143,0.007559150260873385,0.00828147919290569,0.003903423191141148,0.06895150702109795
Network UDP Loss Rate,-0.0012179140021414475,0.0634578097519041,0.06022757600892478,0.030799202338170902,0.034773457701118164,0.0255928787329504,0.03221170614790043,-0.002568716524511407,0.048571754115501554,0.03929322163545155,0.0778939774304592,0.08882075641001419,0.07792576441974385,0.06284734987592298,0.0764234864445881,0.049867679987978225,0.021725474554053357,0.009774823479816909,0.0121415442607246,0.016692572440167423,0.020549743090556592,0.01677696946418542,0.06343346689323641,0.054735910206528,0.06216281898973503,0.009011080277735617,0.020961336645911755,0.007992575646165446,0.022747865961912986,0.018627722862574674,0.006893889609371874,0.008079098826664693,0.009282391218953181,0.004549021718479675,0.014612448939066616,0.021083569091477468,0.02135656321533493,0.03010402289392309,0.030327850614432324,0.02493705481379561,0.02230680032853867,0.06113740657938481,0.06451281772205725,0.04049835723064519,0.018586049637497434,0.02157052772110929,0.012246419097037142,1.0,0.030704889723984254,0.011496911159133894,0.023079954178634197,0.019012505040191915,0.012651168134496934,0.017225099826006566,0.009450615225308913,0.016094983937449455,0.019557346978206297,0.024494113455380155,0.011979866496253013,0.010795722888392038,0.11666724033264124
Network TCP Connection Reset Rate,-0.0010183809110781063,0.07939522572193572,0.08093973912990725,0.043654825523167635,0.04523524600254692,0.04241420451916506,0.034385237635852085,0.0006374967296866798,0.06411604480741867,0.0463465526017608,0.09676953497900963,0.11027628357469879,0.10286381307173428,0.086738145068793,0.09580260454981404,0.05051404013118342,0.031917444500525104,0.018354293146330553,0.010244591429640104,0.03643912626123724,0.04598922429770627,0.02506013845220718,0.05911614877107378,0.05631729150432683,0.06325085782280411,0.009394137964401385,0.020545075189870667,0.011066478157434457,0.01649857627079463,0.014322692638756036,0.01256630302763788,0.004447352125013653,0.011893066284567256,0.004828041230149667,0.008038760572838415,0.02004733103152468,0.02097328080281526,0.05253791067645191,0.05395951911102848,0.023043381278452846,0.025191671095223786,0.06840278482912913,0.05626736901654717,0.04317129885965791,0.01668046227765993,0.03846912817672943,0.015421457594832665,0.030704889723984254,1.0,0.034211936690568705,0.01810257110155965,0.02037677270554197,0.014389351640307621,0.012296548583405715,0.010983214152997599,0.01878660701935113,0.024720041655227676,0.03824696687420028,0.011884154180142674,0.011736257926255156,0.14763400452863382
Network UDP Datagram Size,-0.006039431396333487,0.11190866067041796,0.10733682536638131,0.06492589850376759,0.06135458644618484,0.048889855042324334,0.04872358253212927,0.010211560809519848,0.08718669821967472,0.06498724379153552,0.13096686623709858,0.15045553997681896,0.13797368112289343,0.11994775696708557,0.13277529532354143,0.037314220765892844,0.043021531204628115,0.019649511409289444,0.02213892044133897,0.04742028153567123,0.04708913348275184,0.10406838266998442,0.0938865750495237,0.02440031184152058,0.025026555764937248,0.021936608781655056,0.018604660076386902,0.010682632748701999,0.02232229834215573,0.020467113199705348,0.011484278038424915,0.01400954409823153,0.015159265430964259,0.010827824805580494,0.010222417204557426,0.017455444518321102,0.021413445239885247,0.05950719063091133,0.05292090888879462,0.09007693505415013,0.07847907334277324,0.053910483135269575,0.023924196753181002,0.020760591126085123,0.019363091755356172,0.03669866084861682,0.011196169203357764,0.011496911159133894,0.034211936690568705,1.0,0.027422699018319754,0.015806188864009568,0.016857255156288328,0.01964796042882761,0.02235887236961819,0.01745694870549422,0.05777317513266389,0.02161108362544928,0.01511162185869896,0.00991622103978481,0.19964570785207486
Network Port Utilization,4.007364228652556e-06,0.15113765494708317,0.14941388075787232,0.08863835093448107,0.0926668385088229,0.06835015759352951,0.06965576888231487,-0.003073636359820446,0.1186695732960693,0.0885099762832713,0.18097620787904206,0.203910699324459,0.18719873340960455,0.1589716869729267,0.17517350143919627,0.25975306381229435,0.029225476776265042,0.02228387025288056,0.025249856034970087,0.02874211188946587,0.023747585833913017,0.02467404731924635,0.3856360609837794,0.25838168964847147,0.2672445081592082,0.01489821140520494,0.012223682125004836,0.0260996973240776,0.023015984240391005,0.02450958642454269,0.02024981787101865,0.018647950741109254,0.025145449496303866,0.026222326986625986,0.014010461152339273,0.15448353770356105,0.14687683499098061,0.018447167147254587,0.018406401984907367,0.020091084121747295,0.021949284391274453,0.12490812715907766,0.13364477841028785,0.016874871819469825,0.1545772295432641,0.01545607183485464,0.022069695928382434,0.023079954178634197,0.01810257110155965,0.027422699018319754,1.0,0.015048641771124893,0.02034635243274286,0.1499751488935836,0.026336622784373792,0.02396996268438163,0.2386493276996444,0.020085585183410817,0.025080068078296724,0.02448824961566765,0.27095052223424737
Disk Write Operations per Second,0.0017912776433335871,0.1165985010557522,0.12030811096982699,0.06915766055008064,0.07247268808758782,0.054237129758528596,0.05499712559165573,-0.0043974252686630804,0.09618543559534734,0.0678133609273521,0.1448155915233344,0.16106991830801712,0.14654955935516165,0.12828908311608309,0.14451692718199538,0.08409407864900563,0.10042220780732296,0.020079375199160494,0.014493633710815735,0.09456055992036605,0.09864969905628104,0.02784916354974647,0.030042261819164424,0.02083221086484355,0.026330447947760106,0.01344111235703193,0.01036646418652659,0.02382206349391539,0.022112303822923063,0.017294321687302813,0.016811751371326438,0.014914188336685386,0.01989986777901614,0.01708377882875906,0.014406769894567139,0.0856257883438203,0.0850052882110771,0.1584932485111471,0.14779414012582412,0.10136251023247397,0.15049810311254175,0.07662128361871584,0.0698844348594224,0.08075894691924101,0.0808591742337078,0.0906595258244833,0.012981659932280705,0.019012505040191915,0.02037677270554197,0.015806188864009568,0.015048641771124893,1.0,0.08959888197678435,0.018774283617655478,0.017359883580951262,0.018644624687045024,0.028338168697968978,0.016704922281150503,0.016259429001621424,0.014364520451327412,0.2166411464834644
Network Interface Throughput,0.0012201006702108094,0.08123255936583922,0.08778692788473129,0.04838917746988863,0.04932765244170549,0.0381390601121385,0.042222883193232454,0.0010023365527628647,0.06419896094794042,0.04961394416654021,0.1050452611362201,0.1127475699186768,0.10422329476369897,0.08742122870469575,0.10135490839279516,0.09447551424044144,0.10072418745204557,0.01958580357668633,0.017957169255242475,0.02348563483565909,0.018567639955919174,0.01518530013702152,0.03483617829600889,0.024232516953087105,0.018034136336463363,0.008644603489903526,0.011907280710409685,0.012964844851845314,0.016771030330150496,0.011346621536927675,0.014425958265293849,0.01183721572465161,0.012013543544006364,0.011464114400435117,0.010805894532707468,0.02123021201766175,0.02106253574294077,0.08718451021263031,0.07722069183992174,0.023556693299896566,0.07787936289028721,0.08204768430124634,0.07736134116040337,0.08922001156120045,0.08117887751044453,0.08097490192642492,0.00786498493364174,0.012651168134496934,0.014389351640307621,0.016857255156288328,0.02034635243274286,0.08959888197678435,1.0,0.014346975351074502,0.015841341898272267,0.01991462688977481,0.01834676794004855,0.014254948164240283,0.015581450165804561,0.005845027767860714,0.15156577136622745
CPU Utilization by Core,-0.0004717967324952645,0.11281209133768345,0.10818657053688645,0.06610448398766978,0.06914615481651071,0.04773721537729275,0.0466953959740886,-0.0003107290022243791,0.08672916764644455,0.06621639434090043,0.1324767998066826,0.15123219590322,0.1374437763786116,0.11541885090993735,0.12899350249004413,0.15442154984382095,0.02731907437780204,0.023939962135220223,0.017421885889913127,0.018145898745307615,0.02056570498950568,0.04455597397734547,0.22926232300073027,0.1500634763387563,0.16523906780829115,0.013119552692166076,0.011081989923353922,0.016047833944130604,0.014389433925202139,0.02227061902981088,0.015054495102983904,0.012896800336235527,0.018592403911603973,0.016811299198304343,0.01595001903450582,0.018250244932840293,0.024749943381066723,0.02867906636329622,0.03503018826404716,0.02480760348480765,0.02755437116847699,0.1339041425953071,0.1523653806653274,0.0180251766752447,0.019785942925045152,0.023749767220968554,0.011274208633409768,0.017225099826006566,0.012296548583405715,0.01964796042882761,0.1499751488935836,0.018774283617655478,0.014346975351074502,1.0,0.01522181457411239,0.023458697259781735,0.16268335020591745,0.012052443056766293,0.01166240231640128,0.02253561633942078,0.19937910318658592
CPU Load Average,0.0010587433873568653,0.09206040714667332,0.08752621886790417,0.05267909881437443,0.04893918964505949,0.037887899891393455,0.03699422867513226,-0.003373149155701276,0.07063416878878134,0.05455949835277017,0.10613441418834761,0.11203330057447253,0.10888720748848472,0.08879154465950656,0.10637587352274959,0.029581757523420266,0.018827167653327263,0.011908322493097805,0.010036789508243717,0.025558751639237768,0.01803684176700399,0.021103088061273055,0.03662308877939949,0.03107751846401439,0.022525936127383683,0.010867460784600713,0.01718802358133521,0.016687452116322297,0.10631449675325313,0.10646254240479641,0.021157510524702706,0.016648828152394074,0.009784846764299918,0.005284193928064687,0.007359736142640993,0.021318542595488786,0.01811003959961885,0.0205797618362101,0.023658233778540205,0.022747884243467926,0.01878421224437917,0.0996470066592103,0.09795002712821153,0.11833013916632558,0.02013643320413863,0.008950946417954053,0.005661151414083672,0.009450615225308913,0.010983214152997599,0.02235887236961819,0.026336622784373792,0.017359883580951262,0.015841341898272267,0.01522181457411239,1.0,0.08537802926763056,0.020258043229737222,0.015931830205591805,0.011066111875911182,0.010864804447091451,0.15794526587396066
Disk I/O Utilization by Process,0.003093921667884408,0.10256428036760518,0.09653967996534649,0.0545074570018699,0.05678093167511485,0.04524227648267528,0.04360600114744304,-0.0036977180285246505,0.08019623710358337,0.05505622525864573,0.12264601080372213,0.13205221289128363,0.12112638650267434,0.10031729958078976,0.12103860253185098,0.03467930011929125,0.013375378394700536,0.010112194192577643,0.018412564114597064,0.018341579588786083,0.022084725401956235,0.04553845424683836,0.03793764231005445,0.03409821117175536,0.03729122363598934,0.01569940952853244,0.016324923116247714,0.013082722602788012,0.11593087457146355,0.10375818390730955,0.021678821750409673,0.011331925373534179,0.01352486811474456,0.012779695719814138,0.010522745347553758,0.017331271107284187,0.017545602184922467,0.032138831345182736,0.024610810103712945,0.02304988390247924,0.02024932817088339,0.10495710202053644,0.10377656572909029,0.11934117995595118,0.011411775865760525,0.023681774983728063,0.00979865812418224,0.016094983937449455,0.01878660701935113,0.01745694870549422,0.02396996268438163,0.018644624687045024,0.01991462688977481,0.023458697259781735,0.08537802926763056,1.0,0.025184338495885687,0.01492043856063729,0.010947309954730432,0.013404971622799109,0.17844821618408607
Memory Usage by Process,0.0008191957741339248,0.16310760048702083,0.1528707594665912,0.08968027106341472,0.08940722185489403,0.06927502219546988,0.07021878219819995,0.0005202657484061401,0.12287631683761785,0.0958508800276141,0.18969380697052252,0.21164827517764967,0.19335270070899913,0.16289643796790884,0.18552466608343549,0.24321814186094048,0.023202838144216455,0.02497163438603273,0.015662654163228994,0.025144612235704206,0.02855223656625169,0.056297078536393735,0.35666282207782296,0.21974638299265256,0.2269865676428542,0.027997509861896877,0.021587811296344097,0.019769304764541158,0.023807228282272174,0.02673057985094422,0.018091651078699582,0.017704144249799967,0.022502858538431102,0.022737157921969824,0.014929458445245194,0.101036765458748,0.1055579744861314,0.02115206781147994,0.022772970543046816,0.057744013431085456,0.04786898898224723,0.15071934691724334,0.14591163763688278,0.023981981137685602,0.10716248073112025,0.02270394106190883,0.020269253358306143,0.019557346978206297,0.024720041655227676,0.05777317513266389,0.2386493276996444,0.028338168697968978,0.01834676794004855,0.16268335020591745,0.020258043229737222,0.025184338495885687,1.0,0.019037744796943933,0.02091746493551605,0.01756866298728264,0.2824891019694998
Network Interface Broadcast Packets,0.0033059382982447132,0.06450826442665276,0.06560997941484324,0.04132722897990965,0.04232413114581605,0.03090840589244714,0.028836710831770893,0.005718267081321617,0.04956373689392634,0.04160137181571067,0.08509412288069661,0.08851202807566572,0.0814634092637229,0.06996936836188572,0.07476550725907169,0.037784843557483204,0.01989654153967523,0.012078630530363666,0.010353456661922661,0.023287938973965222,0.013303721115081279,0.022509064286439437,0.06375025763919177,0.05450245168685782,0.0639132421795668,0.007122787971157947,0.018087191732231746,0.003841044682780746,0.016589675834488903,0.014333066125707904,0.014497018885778062,0.008080284088752403,0.006319945137147069,0.004077117891708116,0.014686931358136973,0.016530161226080274,0.02152880398258121,0.02916846001023645,0.031708961860085615,0.01797114238420891,0.024869243116805145,0.06913699483576276,0.066399430413357,0.03529288299539325,0.01770708529177443,0.01975553702354447,0.007559150260873385,0.024494113455380155,0.03824696687420028,0.02161108362544928,0.020085585183410817,0.016704922281150503,0.014254948164240283,0.012052443056766293,0.015931830205591805,0.01492043856063729,0.019037744796943933,1.0,0.008934730278882589,0.010944096150752421,0.11976735968997318
Network Interface Multicast Packets,-0.000881588713279412,0.042732878056209504,0.050145541597594795,0.026687131559433627,0.026012737727897303,0.01795967999214241,0.02165723915446419,0.007137524281178985,0.03380603822991591,0.03112972768906371,0.05031436177986524,0.05984756271322998,0.05552800486901581,0.043963271067912146,0.05291082946598787,0.033770928984711304,0.021572409169086013,0.0069965202975215,0.005802186461891376,0.015547106517882527,0.01721323476831502,0.01945359191749792,0.03917746435191099,0.02865401181490443,0.025108687170887926,0.004925379271110873,0.005491422296630932,0.005509595737904881,0.021977322967657482,0.009722769707315925,0.012401166786403942,0.0002980014944837833,0.006150468436601324,0.00398588170939092,0.005725989256694728,0.022597884047824833,0.021514960617231814,0.0256565668884111,0.025499235156181806,0.018149194140769036,0.02152424112507346,0.025847168196254225,0.02559585273058887,0.019965327703494698,0.02227233999237571,0.007426913074614734,0.00828147919290569,0.011979866496253013,0.011884154180142674,0.01511162185869896,0.025080068078296724,0.016259429001621424,0.015581450165804561,0.01166240231640128,0.011066111875911182,0.010947309954730432,0.02091746493551605,0.008934730278882589,1.0,0.0024448749309550427,0.07964608930225231
TCP Connection Count by State,-0.0038981226407529073,0.0343516707625777,0.037139514802937354,0.020692275220630055,0.02282430830586261,0.01854585874998221,0.02457641578311642,0.00520582864821085,0.02953927843218661,0.026561079485269232,0.049680642159623846,0.05438355796901934,0.05162403594975521,0.041743432543406636,0.04584146147662683,0.029810598905962337,0.011190063607565819,0.007632891916423994,0.0052237896667613045,0.014812470074111716,0.01872617151664316,0.017456705980095695,0.04219941663607327,0.024263537495744593,0.03352334519624847,0.004112159000325905,0.005022851711979065,0.007339026368018087,0.013343255956879758,0.011534659420495289,-0.002377968743165566,0.005799489000645824,0.006499123197940013,0.005184755378150114,0.006145163658739675,0.023819078149871133,0.02416171750356293,0.02140434812911686,0.017657006906076196,0.016697864675420657,0.017831795747442595,0.02816574991652225,0.031235646010236384,0.021868588844988445,0.024916507739168856,0.012388627113202178,0.003903423191141148,0.010795722888392038,0.011736257926255156,0.00991622103978481,0.02448824961566765,0.014364520451327412,0.005845027767860714,0.02253561633942078,0.010864804447091451,0.013404971622799109,0.01756866298728264,0.010944096150752421,0.0024448749309550427,1.0,0.07102736770351623
is_attack,-0.0017592379306957462,0.5642134544487238,0.5498733045795368,0.31756690604517074,0.32794253823194514,0.24881426952765387,0.25032398144716067,-0.002292579764812704,0.4360592648435337,0.33386046592610136,0.6731032646535619,0.7503409372142903,0.6889230531111427,0.5674401232071886,0.6567587665081976,0.40851968075233486,0.20383712771798362,0.08828985710192963,0.08446884465350506,0.21614947553663935,0.22144560994190454,0.25657465435488935,0.5046344459988273,0.3559904090522262,0.3908634758401479,0.0842484917021314,0.09514996906965005,0.07339121444380312,0.18507316960979978,0.179178719747647,0.08292686465962223,0.06784396340673073,0.08297880397866939,0.07486397341727365,0.0682707363208027,0.2666899265324005,0.26037286141680643,0.3243326157654576,0.31821565274607916,0.24290533659227642,0.2903527119762963,0.39846719994540886,0.39117296372627075,0.2735577485762831,0.2538335551417924,0.20182009067876627,0.06895150702109795,0.11666724033264124,0.14763400452863382,0.19964570785207486,0.27095052223424737,0.2166411464834644,0.15156577136622745,0.19937910318658592,0.15794526587396066,0.17844821618408607,0.2824891019694998,0.11976735968997318,0.07964608930225231,0.07102736770351623,1.0
